Please specify your gender as accurately as possible.,Please specify your sexuality as accurately as possible.,"Do you identify as queer, genderqueer, genderfuck, trans?",Do you currently work in any of the computing fields?,Do you have (or are working on) a degree in a computing field?
,,,,
female,heterosexual,No,Yes,Yes
Female,"straight, not opposed to the idea of being interested in other females",No,No,No
"Male (biologically, and gender-identitywise)",Hetersexual,No,Yes,No
Male,Gay,No,No,No
Male,Heterosexual,No,No,Yes
Male,Autosexual,No,Yes,Yes
Male,Basic Hetero,No,Yes,No
Woman,Heterosexual,No,Yes,No
female,pansexual,No,No,No
male,heterosexual,No,Yes,No
male,yes please,Yes,No,No
male,heterosexual,No,Yes,Yes
male,heterosexual,No,Yes,No
"Geek (genderqueer, female-bodied, practical femme presentation)",sapiosexual,Yes,Yes,No
female,bi,Yes,Yes,Yes
female,heterosexual,No,Yes,Yes
male,straight,No,Yes,Yes
Kilt-wearing dude,"I round up (or down, if you prefer) to hetero, but occasionally appreciate a good-looking dude.",No,Yes,Yes
CIS-Male,Hetero,No,Yes,No
male,straight,No,No,No
Male,Happy,No,Yes,No
Male,Hetero,No,Yes,No
m,straight,No,Yes,Yes
Male,Heterosexual,No,Yes,No
Male,Heterosexual,No,Yes,Yes
Male,Heterosexual,No,Yes,No
i'm a dude,my love is for the ladies only,No,Yes,Yes
Male,Hetero,No,Yes,Yes
Male,Straight,No,Yes,No
Male,Somewhere between 0 and 1 on the Kinsey Scale,No,Yes,No
Masculine feminist,"Pro, active, monogamous",No,Yes,No
Male,Hetrosexual,No,Yes,No
Male,Hetero,No,Yes,Yes
male,heterosexual,No,Yes,No
Male,Heterosexual,No,Yes,No
Male,Heterosexual,No,Yes,Yes
Male,Heterosexual,No,Yes,Yes
male,hetero,No,Yes,Yes
Male,Still turn girls on,No,Yes,Yes
male,latent bisexual,No,Yes,Yes
male,hetero,No,Yes,Yes
Male,Straight,No,Yes,Yes
Male,Heterosexual,No,Yes,Yes
Female,Heterosexual,No,Yes,Yes
Male,Hetero,No,No,No
Male,Straight,No,Yes,Yes
Male,Hetero,No,Yes,No
Male,Heterosexual monogamy,No,Yes,No
male,hetrosexual,No,Yes,Yes
Male,Heterosexual,No,Yes,Yes
Male,Straight,No,Yes,No
female,heterosexual,No,Yes,Yes
Female,Practicing Straight / Married to a Man,No,Yes,Yes
male,heterosexual,No,Yes,Yes
human,lots,No,Yes,Yes
Male,Straight,No,No,Yes
Female,Straight,No,No,No
trans woman,polysexual,Yes,No,Yes
queer,queer,Yes,No,No
Male,99% Straight,No,Yes,Yes
male,heterosexual,No,Yes,Yes
Male,Heterosexual,No,Yes,Yes
male,straight,No,Yes,Yes
Male,Heterosexual,No,Yes,No
MALE,STRAIGHT,No,No,No
male,hetero,No,Yes,Yes
"Male, although I don't particularly identify with it or the associated gender roles.","Asexual - I find that people whom I guess to be women can be attractive, while people whom I guess to be men cannot, but I have little to no interest in sex proper.",No,Yes,Yes
genderqueer,pansexual,Yes,No,No
butch woman,pansexual mostly attracted to women,Yes,Yes,Yes
Mostly male-normative.,"Mostly hetro, with the ocassional drift into other categories.",Yes,Yes,Yes
Male,Straight,No,Yes,Yes
I'm a trans woman.,"I'm attracted to women 70% of the time and to men 30% of the time; I'm somewhere between ""lesbian"" and ""pansexual"", but I lean more toward identifying as a lesbian.",Yes,Yes,Yes
Male,Heterosexual,No,Yes,No
Queer,Queer,Yes,Yes,No
Male,Pansexual,No,Yes,Yes
Female,Heterosexual,No,Yes,No
male,heterosexual,No,Yes,No
Male,Straight/pan,No,Yes,Yes
male,heterosexual,No,Yes,No
Male,Heterosexual,No,Yes,No
Male,Heterosexual,No,Yes,Yes
Male,Heterosexual,No,Yes,Yes
man,Queer,Yes,No,No
male,heterosexual,No,Yes,Yes
male,bisexual,No,Yes,Yes
Male,Straight,No,Yes,Yes
Male,Straight,No,Yes,Yes
masculine,straight,No,Yes,No
male,primarily homosexual,Yes,Yes,No
Male,Heterosexual,No,Yes,Yes
male,straight,No,Yes,Yes
Male,Straight,No,Yes,Yes
genderqueer/butch woman,bi in a relationship with a man,Yes,Yes,No
male,hetero,No,Yes,No
male,straight,No,Yes,No
male,hetrosexual,No,Yes,Yes
Male,Straight,No,Yes,Yes
Female,Straight,No,Yes,No
Male,Straight,No,Yes,Yes
male,male,No,Yes,Yes
Male,Straight,No,Yes,No
male,pansexual,Yes,Yes,Yes
"cis-female, mostly femme presentation",queer (I don't care what gender or sex my partner is),Yes,Yes,Yes
Male,Hetero,No,Yes,Yes
female,queer,Yes,Yes,Yes
Female,Queer,Yes,No,No
genderqueer femme dyke,female-bodied andromimetophile,Yes,No,No
Male,Hetero,No,Yes,No
male,straight,No,No,No
Male,Gay,Yes,Yes,Yes
Female,Sexual preference 95% heterosexual; may fluctuate.  Sexual history 100% heterosexual.,No,Yes,Yes
female,queer,Yes,No,No
Male,Cis,No,Yes,Yes
Male,heterosexual,No,Yes,No
female,bisexual,No,Yes,No
Male,Straight,No,Yes,No
male,heterosexual,No,Yes,Yes
Male,Heterosexual,No,Yes,Yes
male,"hetro, poly",No,Yes,Yes
male,hetero,No,No,No
Male,Likes women,No,Yes,No
male,heterosexual,No,Yes,No
Male,Straight,No,Yes,Yes
male,heterosexual,No,Yes,Yes
male,monogamous heterosexual,No,Yes,Yes
male,straight,No,Yes,Yes
Female,queer,Yes,No,No
male,heterosexual,No,Yes,Yes
Female,Heterosexual,No,Yes,Yes
Male,Heterosexual,No,Yes,No
mayl,hetero,No,Yes,No
Female,Female,No,Yes,No
male,predominantly straight,No,Yes,No
Female,Straight,No,Yes,Yes
Male,Straight,No,Yes,Yes
"Who the hell knows? I ""pretend"" to be female on the internet.",bisexual,Yes,Yes,Yes
Male,Hetero (polyamorous),No,Yes,Yes
Male.,Mostly straight.,No,Yes,Yes
Cis female,Mostly straight,No,Yes,No
male,"A high 1 on the Kinsey scale, with current technology",No,Yes,Yes
I identify as a woman.,Hetero-awesome,No,Yes,No
Male,Heterosexual,No,Yes,Yes
Male,bi,Yes,Yes,Yes
agender,pansexual,Yes,Yes,Yes
male,female,No,Yes,Yes
"cis male, although less agressive than typically assumed",heterosexual,No,Yes,Yes
Male,Straight,No,Yes,No
Male,Heterosexual,No,Yes,Yes
Male,Straight,No,Yes,No
women,hetereo,No,Yes,No
Male,Straight,No,Yes,No
Male,"Hetero, monogamous",No,Yes,Yes
Male,Cis,No,Yes,Yes
Male,Hetrosexual,No,Yes,Yes
Female,Hetersexual,No,Yes,Yes
male,bisexual,No,Yes,Yes
Male,Straight,No,Yes,No
Male,Heterosexual,No,Yes,No
male,heterosexual,No,Yes,No
Male,Hetro,No,Yes,No
Male,Hetero - pro LGBT,No,Yes,Yes
Cis male,Hetrosexual,No,Yes,Yes
Male,Gay,No,Yes,Yes
Male,Straight,No,Yes,Yes
female,bi,Yes,Yes,No
Male,Heterosexual,No,Yes,No
male,straight,No,Yes,Yes
Male,"Straight, married, father of 3, regular sexuality (not enough but... if it's the question)",No,Yes,Yes
Male,Straight,No,Yes,No
Female,Straight,No,Yes,No
male,straigth,No,Yes,No
Male,mostly Straight,No,Yes,No
Male,Straight,No,Yes,Yes
Female,Heterosexual,No,No,Yes
Male,Straight,No,Yes,Yes
Male,Heterosexual - manogamous,No,Yes,Yes
Male,Heterosexual,No,Yes,Yes
Female,Heterosexual,No,Yes,Yes
female,heterosexual,No,Yes,No
Male,It's complicated,Yes,Yes,Yes
male,bisexual,No,Yes,No
Male,Straight,No,Yes,Yes
Male,Heterossexual,No,Yes,Yes
female,bisexual,Yes,Yes,Yes
Male,Heterosexual,No,Yes,No
Female,Heterosexual,No,Yes,Yes
Male,Straight,No,Yes,No
Trans,complicated?,Yes,No,Yes
Female,Heterosexual,No,No,No
Female (sex & gender),Heterosexual,No,No,No
male,hetro,No,Yes,No
Male,Straight,No,Yes,Yes
Male,Straight,No,Yes,Yes
Male,Straight,No,Yes,Yes
male,heterosexual,No,Yes,Yes
male,straight,No,Yes,Yes
Male,Straight,No,Yes,Yes
Male,Hetrosexual,No,Yes,Yes
"anatomically male, identify as & present as male",hetero,No,Yes,Yes
male,bisexual,No,No,Yes
Negro Male,Pimp,No,Yes,Yes
Male,Straight,No,Yes,Yes
Male,Gay,No,No,No
male,straight,No,Yes,No
male,straight (kinsey 1),No,Yes,Yes
Female,Aromantic Asexual,No,Yes,Yes
Male,Straight,No,Yes,Yes
Male,Heterosexual,No,Yes,Yes
Male,Heterosexual,No,Yes,Yes
male,straight,No,Yes,Yes
Male,Pansexual,Yes,Yes,No
male,male,No,Yes,Yes
male,pansexual,Yes,Yes,Yes
Male,Hetero,No,Yes,Yes
Male,I like girls,No,Yes,Yes
Male,Bisexual Curious,No,Yes,Yes
Male,Hetero Male,No,Yes,Yes
male,"bisexual, tending straight",No,No,No
male,Kinsey scale 1,No,Yes,Yes
Male,Bisexual,No,Yes,No
Male,Bisexual,Yes,Yes,Yes
Male,Straight,No,Yes,Yes
Male,Heterosexual,No,Yes,No
male,heterosexual,No,Yes,No
men,women,No,Yes,No
male,straight cis guy,No,Yes,Yes
Female,Queer,Yes,Yes,Yes
male,straight,No,Yes,Yes
Male,Male,No,Yes,No
Genderqueer,Queer,Yes,Yes,Yes
male,attracted to women,No,Yes,Yes
female,bisexual,Yes,No,Yes
Male,Pansexual,Yes,No,No
cis female,heterosexual monogamous,No,Yes,Yes
Female,I like guys...,No,No,No
"Cis male, chromosomally XY (I'm guessing you meant 'precisely' rather than 'accurately'.)",Queer,Yes,Yes,Yes
Female,Pansexual,No,Yes,Yes
female,female,No,No,No
Male,Straight,No,Yes,No
Male,Heterosexual,No,Yes,No
Male,Straight,No,Yes,Yes
Female,Lesbian,Yes,Yes,Yes
Male,Gay,Yes,Yes,Yes
male,heterosexual,No,Yes,Yes
Male,Hetro,No,Yes,No
Female,Mostly Straight,Yes,Yes,Yes
Male,"Single, straight, though not especially interested in sexual relationships",No,Yes,Yes
Female,Lesbian,Yes,No,Yes
Female (cis),pan/omni,Yes,No,No
Female,unknown,No,Yes,Yes
Male,Heterosexual,No,No,No
Male,Heterosexual,No,No,Yes
Female,pansexual,Yes,Yes,Yes
Female,Gay,No,Yes,Yes
male,straight,No,Yes,Yes
Female,Bisexual,Yes,Yes,Yes
male,hetero,No,Yes,No
Male,Bisexual,Yes,Yes,No
Male,Heterosexual,No,Yes,Yes
Female,Bisexual,No,No,No
genderqueer,female attracted,Yes,No,No
Female,Bisexual,Yes,Yes,Yes
female,bisexual,Yes,No,Yes
Male,Homosexual,Yes,Yes,Yes
Female,"Bisexual, let's say Kinsey 2.5",Yes,No,No
Female,Bisexual,No,Yes,No
"Outwardly male out of convenience, inwardly mostly ungendered","Primarily gynesexual, somewhat fluid/pansexual",No,Yes,Yes
male,"bisexual, significantly skewed towards women",Yes,Yes,No
Female lady-type,Hetero,No,Yes,Yes
female,bisexual,Yes,Yes,Yes
male,male,No,Yes,Yes
Female,Straight,No,Yes,Yes
Male,Hetero,No,Yes,Yes
F,Bi,No,No,No
Male,"Straight (Kinsey 0 sober, 1 drunk, always attracted to Robert Downey Jr. and Gerard Butler, so I guess that kinda makes me a 1 when sober for certain cases. Sexuality is complex.)",No,Yes,Yes
Male,Heterosexual,No,Yes,Yes
female,lesbian/queer lady,Yes,Yes,No
Male,Straight,No,Yes,Yes
trans woman,lesbian,Yes,Yes,Yes
female,mostly heterosexual,No,Yes,Yes
female,2-ish on the Kinsey Scale,No,Yes,Yes
Male,Heterosexual,No,Yes,Yes
Male,Hetero,No,Yes,Yes
male,heterosexual,No,Yes,Yes
Male,"Straight, monogamous.",No,Yes,Yes
male,straight,No,Yes,Yes
Female,Straight--mostly,No,Yes,No
Male,85% straight,No,Yes,No
female-bodied genderqueer,queer,Yes,Yes,Yes
Male,Straight,No,Yes,Yes
Female,Heterosexual,No,Yes,Yes
Female,Straight,No,Yes,No
Male,Hetero with limited bi-curiosity,No,Yes,No
Male,Heterosexual,No,Yes,Yes
male,hetero,No,Yes,Yes
Male,"Boring: hetrosexual and monogamous. Sheesh, I know.",No,Yes,Yes
Male,Kinsey 1.5,Yes,Yes,No
Male,"90% straight, but kinky as hell",No,Yes,Yes
Female,Straight Kickass Female,No,Yes,No
Male,Heteto,No,Yes,Yes
Male,Straight,No,Yes,Yes
Male,Straight,No,Yes,Yes
male,heterosexual,No,Yes,Yes
Male,Hetero,No,Yes,No
Male,Heterosexual,No,Yes,Yes
male,straight,No,Yes,Yes
Cisgender male,Heterosexual,No,Yes,Yes
Agender,Demisexual,Yes,Yes,No
m,straight,No,Yes,Yes
horny male,active,No,Yes,No
Male,Hetrosexual,No,Yes,Yes
Male,Heterosexual,No,Yes,Yes
Female,Straight,No,Yes,Yes
male,straight,No,Yes,Yes
male,straight,No,Yes,Yes
Male,Straight,No,Yes,No
Male,Bicurious,No,No,No
male,Heterosexual (married and monogamous),No,Yes,No
Natural male,Straight,No,Yes,Yes
Male,Heterosexual,No,Yes,No
male,heterosexual,No,Yes,Yes
male,straight,No,Yes,No
Male,Hetero,No,Yes,Yes
Female,Heterosexual,No,No,No
Male,Heterosexual with a dash of homosexual,No,Yes,Yes
Male,Heterosexual,No,Yes,No
male,straight,No,Yes,Yes
Male,Heterosexual,No,Yes,Yes
Female,Lesbian,Yes,Yes,No
Female,Heterosexual,No,Yes,No
male,hetero,No,Yes,Yes
Male,Hetero,No,Yes,Yes
Male,Straight,No,Yes,No
Male,Heterosexual,No,Yes,Yes
Male,Heterosexual,No,Yes,Yes
Male,Heterosecual,No,Yes,No
Male,Straight,No,Yes,Yes
male,heterosexual,No,Yes,Yes
Male,Heterosexual,No,Yes,No
male,hetero,No,No,Yes
Female,Heterosexual,No,Yes,Yes
Male,Heterosexual,No,Yes,Yes
male,straight,No,Yes,Yes
Male,Heterosexual,No,Yes,Yes
Male,Bisexual (I like specific body types; the gribbly bits in the pants don't matter,Yes,Yes,Yes
Male,Hetero,No,Yes,No
Male,Straight submissive,No,Yes,No
Male,Straight,No,Yes,Yes
Male,Heterosexual,No,Yes,Yes
Male,Monogamous Heterosexual,No,No,No
Male,Heterosexual,No,Yes,Yes
Male,Straight,No,Yes,Yes
Male,Heterosexual,No,No,Yes
Male,Straight,No,Yes,Yes
Male,Straight,No,Yes,No
male,heterosexual,No,Yes,No
Male,Heterosexual,No,Yes,Yes
Male,Heterosexual,No,Yes,Yes
Male,Heterosexual,No,Yes,Yes
male,male,No,Yes,Yes
Male,Straight,No,Yes,No
Male,Straight,No,Yes,No
Cis female,Heterosexual,No,Yes,Yes
male,heterosexual,No,Yes,Yes
Male,Bisexual with a lean towards women,No,Yes,Yes
Male,Homosexual,No,Yes,Yes
reluctant female,pansexual,Yes,Yes,Yes
Male,Straight,No,Yes,Yes
Male,Masculine,No,Yes,Yes
male,straight,No,Yes,No
Female,Straight,No,No,No
Male,Gay,No,Yes,No
Male,"Queer, gay identified",Yes,Yes,Yes
Male,Straight,No,Yes,Yes
female,heteroflexible,No,Yes,Yes
Male,Heterosexual,No,Yes,No
Male,Hetero,No,Yes,Yes
Male,Straight / bicurious,No,Yes,Yes
Male,Straight,No,Yes,No
Male,Homosexual,No,Yes,Yes
female queer,hetero,Yes,Yes,Yes
male,heterosexual,No,Yes,Yes
Male,Straight,No,No,Yes
Male,Nature,No,Yes,No
"genderfluid, predominantly female",pansexual,Yes,No,Yes
male,heterosexual,No,Yes,No
Female,Bisexual,No,Yes,No
Male,Hetro,No,Yes,No
anarchovariable,hyperfuxual,Yes,Yes,Yes
male,Hetrosexual,No,Yes,Yes
female,"queer is my preferred term, bi/pansexual are more descriptive.",Yes,Yes,Yes
Male,Bisexual,No,Yes,Yes
female,straight,No,Yes,No
Male,Bicurious,No,Yes,Yes
male,straight,No,Yes,Yes
Male,Heterosexual,No,Yes,Yes
Male,Heterosexual,No,Yes,Yes
male,"straight, monogamic",No,Yes,Yes
Male,Hetero,No,Yes,No
Male,Heterosexual,No,Yes,Yes
Female/Woman,Bisexual,No,Yes,No
Male,Gay,No,Yes,Yes
male,"""straight""?",No,No,Yes
Male,Heterosexual,No,Yes,Yes
why_not_make_checkbox_here_steve?,perfectly normal,No,Yes,Yes
male,heterosexual,No,Yes,Yes
Male,Hetero,No,Yes,No
Agender,Bisexual,Yes,No,No
masculine male,hetero,No,Yes,No
Female,Asexual,No,Yes,Yes
Female,Bi-curious,No,Yes,No
Male,Not quite reaching its full potential,No,Yes,Yes
Male,Straight,No,Yes,Yes
"born physically and (I guess, whatever it means to be) psychologically male","pretty heterosexual, with brief dalliances with gayness",No,Yes,No
Male,Heterosexual and totally skewed by a religious sex obsession while growing up,No,Yes,No
male,male,No,Yes,No
male,heterosexual,No,Yes,No
Exactly male,Mainly/mostly heterosexual,No,Yes,No
male,straight,No,Yes,No
Male,Hetero,No,Yes,Yes
Male,Heterosexual,No,Yes,No
Male,Straight,No,Yes,Yes
Male,Bi-furious,No,Yes,Yes
male,bisexual,No,No,No
"Female (MTF trans, but that's not part of my ""gender""; my gender is that I am a woman, period).",Bi,Yes,Yes,No
Male,Heterosexual,No,Yes,No
Omega male,Heterosexual,No,Yes,Yes
Male,Straight,No,Yes,Yes
Male,Heterosexual,No,Yes,No
Male,Straight,No,Yes,No
Female,Heterosexual,No,Yes,Yes
Male,Straight,No,No,No
Male,Straight,No,Yes,Yes
Male,Heterosexual,No,Yes,Yes
Male,Gay,Yes,Yes,Yes
Male,Vaguely bisexual,No,Yes,Yes
Male,Straight,No,Yes,Yes
Male,Hetero,No,Yes,Yes
Male,Heterosexual,No,No,No
Male,Heterosexual,No,Yes,No
Male,Hetersexu,No,No,No
Male,Straight,No,Yes,Yes
non-alpha male,straight but pragmatic,No,Yes,No
male,straight,No,Yes,No
Male,Heterosexual,No,Yes,Yes
cis male,Hetero,No,Yes,No
Male,Hetro,No,Yes,No
Female,Hetrosexual,No,No,Yes
Male,Heterosexual,No,Yes,No
Male,Straight,No,Yes,Yes
female,gay,Yes,No,No
unsure,impossible to describe since I'm not sure what my gender is,Yes,Yes,No
male,straight,No,Yes,Yes
male,heterosexual,No,Yes,No
Male,I love to fuck the girls,No,Yes,Yes
Male,Hetero,No,Yes,No
Male,Straight,No,Yes,Yes
female,lesbian,No,Yes,Yes
Male,Heterosexual,No,Yes,Yes
male,"mostly heterosexual, bi-comfy",No,Yes,No
"male, high libido.",heterosexual,No,No,No
Male,Hetero,No,Yes,Yes
Male,Gay,No,No,No
male,straight,No,Yes,Yes
Male,Hetrosexual,No,Yes,No
Male,Bisexual,No,Yes,Yes
male,heterosexual,No,Yes,No
M,Hetero,No,Yes,Yes
Cis Male,Exclusively oriented toward other men,Yes,Yes,No
Male,95% straight,No,Yes,Yes
male,asexual,Yes,Yes,No
Female,Straight-ish,No,No,No
male,asexual,Yes,Yes,No
Female,"Bisexual & momogamous, but married to a man, so hardly anyone notices",No,Yes,Yes
male,heterosexuality,No,Yes,Yes
male,gay,No,Yes,Yes
Male,Heterosexual,No,Yes,Yes
male,hetero,No,Yes,No
Male,Hetrosexual,No,Yes,No
Male,Hetrosexual,No,Yes,No
Male,Hetero,No,Yes,Yes
male,heterosexual,No,Yes,Yes
male,gay,Yes,Yes,Yes
Female,Lesbian,Yes,Yes,Yes
Male,Straight,No,Yes,Yes
red-eyed virgin,"Mandriva, Ubuntu",Yes,No,No
female,"bisexual, but mostly on the hetero side",No,Yes,No
male,straight,No,Yes,No
Female,Queer,Yes,Yes,Yes
male,queer/bi,Yes,Yes,No
female,i think i'm interested in anybody but i have only dated boys,Yes,Yes,Yes
Male,Heterosexual,No,Yes,No
Male,?,No,Yes,Yes
Male,Heterosexual,No,Yes,Yes
Androgyne,Pansexual,Yes,No,No
masculine,heterosexual,No,Yes,No
Female,Poly straight,No,Yes,Yes
Female,Bi,No,Yes,Yes
masculine with feminine sensitivities at times,active heterosexual,No,Yes,No
Male,"Straight, somewhat poly",No,Yes,Yes
Female,Straight,No,Yes,Yes
male,straight,No,Yes,No
Female,Bisexual,Yes,Yes,No
trans woman,lesbian,Yes,Yes,Yes
cis female,straight non-asexual,No,Yes,Yes
Male-bodied male,Heterosexual,No,Yes,No
male,geterosexual,No,Yes,No
Introvert,Straight male,No,Yes,Yes
female,bi,No,No,No
notorious heterosexual,lapsed,No,Yes,Yes
Male,Hetero,No,Yes,Yes
Male,Heterosexual,No,Yes,Yes
Male,Heterosexual,No,No,Yes
Male,Heteroflexible,No,Yes,No
Male,Straight,No,Yes,No
100% male,Absolutely straight,No,Yes,No
Male,Straight,No,Yes,Yes
Male,Gay,Yes,Yes,Yes
female,primarily hetero,No,Yes,Yes
Male,Heterosexual,No,Yes,Yes
male,straight,No,Yes,Yes
Male,Hetero,No,Yes,Yes
Male,Hetro,No,Yes,Yes
Heterotomboy,Vanilla with sprinkles,No,No,No
Male,Straight,No,Yes,Yes
Male,Heteroflexible,Yes,Yes,Yes
male,straight,No,Yes,No
male,straight,No,Yes,Yes
Gender-disobedient male,Kinsey ã/3,Yes,Yes,Yes
Genderqueer trans grrl,panromantic asexual,Yes,No,Yes
female with tomboyish leanings,bisexual,No,Yes,Yes
Female,"Straight, though on the asexual side.",No,Yes,Yes
female,straight,No,No,No
Male,Straight,No,Yes,Yes
cis male,mostly hetero,No,Yes,No
female,straight,No,Yes,Yes
Male,"Bisexual, more gay-than-straight",Yes,Yes,Yes
Female,Heterosexual,No,Yes,Yes
Male,Straight,No,Yes,Yes
Female,Questionung,Yes,Yes,No
male,heterosexual,No,Yes,Yes
woman,demisexual,Yes,Yes,Yes
female,Heterosexual with inklings for the opposite sex which I've never acted on,No,Yes,Yes
Male,Mostly Heterosexual -> 1 on the Kinsey Scale,No,Yes,Yes
Trans*,Lesbian,Yes,Yes,No
female,underutilized heterosexual considering homosexual,No,No,No
male,heterosexual,No,Yes,Yes
Male,Heterosexual,No,Yes,No
Mildly butch female,"Bisexual, heavy on the hetero side",No,Yes,No
male,straight,No,Yes,Yes
Male,Straight,No,Yes,No
Male,"*LOVE* women and women's bodies. Possibly slightly bicurious; I'm honestly not sure, but I do get a bit mesmerized at times with certain male friends. I don't generally get turned on by men though, and I find most gay porn/imagery not arousing in the slightest.",No,Yes,Yes
Male,Straight,No,Yes,No
male,straight,No,Yes,No
Male,Heterosexual,No,Yes,No
Male,Straight,No,Yes,No
Male,Heterosexuality,No,Yes,No
female,heterosexual,No,No,No
Male,Heterosexual,No,Yes,Yes
male,male,No,Yes,Yes
Dude,Almost completely  straight,No,Yes,No
Male,Gay,Yes,No,No
mane,straight,No,Yes,Yes
Male,Heterosexual,No,Yes,Yes
Male,Straight,No,Yes,No
Female,love-straight. sex-bisexual.,No,Yes,No
male,"Heterosexual, monogamous",No,Yes,No
Male,"Mostly straight (Kinsey scale 1, say)",No,Yes,Yes
Male,Queer,Yes,Yes,Yes
I'm a male.,I'm straight,No,No,Yes
male,i like girls,No,Yes,Yes
cisgender male,heterosexual,No,Yes,Yes
Female,Bisexual,Yes,Yes,Yes
female,bi-sexual,No,Yes,Yes
Male,"I like women, I like male to female transsexuals",No,Yes,Yes
"born male, still male.",straight,No,Yes,Yes
Male,Heterosexual,No,Yes,Yes
female,heterosexual,No,Yes,Yes
Masculine (my sex is male!),Heterosexual,No,Yes,Yes
Male,Heterosexual,No,Yes,Yes
cis male,"I like people, we'll figure out how to rub our genitals together when it comes to that.",Yes,Yes,Yes
male,straight,No,Yes,Yes
Female,Hetero,No,Yes,Yes
Male,Straight,No,Yes,Yes
Male,Heterosexual,No,Yes,Yes
male,"male hetero (i.e, attracted to women)",No,Yes,No
Male,Unknown,No,Yes,No
male,bisexual,No,Yes,Yes
Male,Male,No,Yes,Yes
Male,Straight,No,Yes,Yes
Female,Heterosexual,No,Yes,No
MALE,heterosexual,No,Yes,Yes
Female,Mostly straight,No,No,No
Male,Gay,No,Yes,Yes
Woman,"Lesbian (""ranked"" as a 4 on Kinsey scale)",Yes,Yes,No
Male,Straight,No,Yes,No
cisgender male,heterosexual,No,Yes,No
Femail,Hetro,No,Yes,Yes
Woman,Heterosexual-ish. I'm a 2 on the Kinsey scale.,No,Yes,Yes
Male,Heterosexual,No,Yes,Yes
Female,Heterosexual,No,Yes,No
Male,Heterosexual,No,Yes,Yes
female,queer,Yes,Yes,No
Female,Bisexual,Yes,Yes,No
Female,Straight,No,Yes,No
Male,Heterosexual,No,Yes,Yes
Cis male,Hetero (0),No,Yes,Yes
M,Straight,No,Yes,No
Female,Straight,No,Yes,Yes
Gay male,Gay male,Yes,No,Yes
Male,"Attracted primarily to women, and only very occasionally to men. I tend to be more attracted to femme men and women, but am far more frequently attracted to butch women than butch men.",Yes,Yes,No
Male,Straight,No,Yes,No
Slightly-butch female,Mostly lesbian,Yes,Yes,Yes
woman,mostly homoromantic homosexual,Yes,No,Yes
Male,hetero,No,No,No
"cis-male presenting, genderfluid",mostly straight with bi-leanings when feeling femme,Yes,Yes,Yes
Male,About 95% straight. :),No,Yes,Yes
female,pan,Yes,Yes,Yes
Man who is made a bit feminine,"I am primarily attracted to women, though I find some men attractive, and I'm mostly attracted to tomboyish women",No,Yes,Yes
female,straight,No,No,No
male,straight,No,Yes,Yes
Male,Heterosexual,No,Yes,No
Male,Homosexual,No,Yes,No
Trans girl,Queer kinky poly female-oriented,Yes,Yes,Yes
Male,Heterosexual,No,Yes,Yes
Male/cisgendered,Heterosexual/cissexual,No,Yes,Yes
male,heterosexual,No,Yes,No
Male,Heterosexual,No,Yes,No
Male,Heterosexual,No,Yes,Yes
Vanilla male but light on the testosterone,Hetro with single life partner,No,Yes,Yes
Male,Heterosexual. 4.5,No,Yes,No
female,hetero,No,Yes,No
Male,Heterosexual,No,Yes,No
Male,Hetro,No,Yes,Yes
Male,Straight,No,Yes,Yes
Male,Hetero,No,Yes,No
Male,Heterosexual,No,Yes,No
male,heterosexual,No,Yes,Yes
male,hetro,No,Yes,No
Male,Heterosexual,No,Yes,Yes
m,m,Yes,Yes,Yes
Male,Strongly heterosexual,No,Yes,Yes
Male,Straight,No,Yes,Yes
male,straight,No,Yes,Yes
female,heterosexual,No,No,No
Male,Mostly heterosexual,No,Yes,No
Male,"Bisexual in theory, gay in practice",Yes,Yes,Yes
Cissexual woman,"Bisexual in orientation, but I've been in a monogamous relationship with a man for the last 19 years so it's a bit theoretical.",No,No,No
male,mostly straight,No,Yes,No
male,heterosexual,No,Yes,Yes
male,gay,Yes,Yes,Yes
cis man with mild genderfuck tendencies,kinsey 5,Yes,Yes,Yes
male,hetero,No,Yes,Yes
Male,Hetero,No,Yes,No
Male,Heterosexual,No,Yes,Yes
male,straight,No,Yes,Yes
female,pansexual,No,No,No
Female,Heterosexual,No,Yes,Yes
Female,Heterosexual,No,No,No
female,heterosexual,No,Yes,Yes
Male,Heterosexual,No,Yes,Yes
Male,Straight,No,Yes,No
Female,Lesbian,Yes,Yes,Yes
Female,Heterosexual,No,No,No
woman,straight,No,Yes,Yes
male,heterosexual,No,No,Yes
Male,Hetero,No,Yes,No
Male,Asexual,No,Yes,No
male,hetero,No,Yes,No
Male,Heterosexual,No,Yes,Yes
Male.,"So-called ""straight"", or interested in the opposite sex only.",No,Yes,Yes
Male,Heterosexual,No,Yes,Yes
Male,Heterosexual,No,Yes,Yes
Male,Heterosexual,No,Yes,No
Male,Heterosexual,No,Yes,Yes
"86% man, 14% woman","86% straight, 14% something else",Yes,Yes,No
male,hetrosexual,No,Yes,Yes
male,heterosexual,No,Yes,Yes
biological female,heterosexual,No,Yes,No
male,pansexual polyamorous,Yes,Yes,Yes
Transgender male,Panssexual,Yes,Yes,Yes
Male,Heterosexual,No,Yes,Yes
Male,Hetero,No,Yes,No
Male,Primarily heterosexual,No,Yes,No
Male,Heterosexual,No,Yes,No
Male,Heterosexual,No,Yes,Yes
Male (closeted MTF trans),Hetero per my external identity,Yes,Yes,Yes
female,straight,No,Yes,No
Male,Gay,No,Yes,Yes
Male,Straight,No,Yes,Yes
male,hetrosexual,No,Yes,Yes
Male,Straight,No,Yes,Yes
Male,Hetero,No,No,No
lady that sometimes has guy/genderless days,pansexual,No,No,Yes
Male,Straight,No,Yes,Yes
Male,Interested in women,No,Yes,Yes
"Male; but having aspergers, that's only a biological default.",Straight.,No,Yes,Yes
XY,"heteroromantic, bisexual",Yes,Yes,Yes
Male,Heterosexual,No,Yes,Yes
Male,Male,No,Yes,Yes
Male,Mostly straight,No,Yes,Yes
male,straight,No,Yes,No
male,heterosexual,No,Yes,No
Male,Straight,No,No,Yes
male,heterosexual,No,Yes,Yes
Male,Straight,No,Yes,No
Male,Bisexual,Yes,Yes,No
Male,Straight,No,Yes,Yes
Male,Kinsey Scale 0 Hetero.,No,Yes,Yes
Male,Heterosexual,No,Yes,Yes
Male,Hetero,No,Yes,No
Male,Gay,Yes,Yes,Yes
Male,Heterosexual,No,No,No
Male,Heterosexual,No,Yes,No
Male,Straight,No,No,Yes
Male,Straight,No,Yes,No
Male,Heterosexul,No,Yes,Yes
female,bisexual,No,Yes,Yes
Male,Heterosexual,No,Yes,Yes
male,heterosexual,No,Yes,Yes
Male,Straight,No,Yes,No
Cis-male gender fluid,Pansexual,Yes,Yes,Yes
male,straight,No,Yes,Yes
Male,Hetrosexual,No,Yes,Yes
female,Queer/sapiosexual,Yes,No,Yes
Male,Heterosexual,No,Yes,Yes
Female,Attractive people are attractive people,No,Yes,Yes
male,heterosexual,No,Yes,No
Female,Heterosexual,No,Yes,No
man,heterosexual,No,Yes,Yes
male,heterosexual,No,Yes,No
Male,Heterosexual,No,Yes,Yes
Male,Straight,No,Yes,No
Male,Straight,No,Yes,Yes
male/femme,pansexual,Yes,Yes,No
Male,Straight,No,Yes,No
Male,98% Hetero,No,Yes,No
Male,Heterosexual,No,Yes,Yes
Male,Straight,No,Yes,Yes
Male,Straight,No,Yes,Yes
Male,"I love sex. So far, only with women.",No,Yes,Yes
spivak,polyamorous,Yes,Yes,No
Male,Heterosexual,No,Yes,Yes
male,heterosexual,No,Yes,No
Male,Straight,No,Yes,No
Male,Heterosexual,No,Yes,Yes
Male,Heterosexual,No,Yes,Yes
Male,"Straight, some experimentation",No,Yes,Yes
Male,Straight,No,Yes,Yes
male,hetero,No,Yes,Yes
Male,Straight,No,Yes,No
Male,Straight,No,Yes,Yes
I assume XX. I have gestated babies.,"Queer. Specifically, I don't understand what it would be like to have an orientation. Neither of the two generally recognized genders feels like me.",Yes,Yes,No
male,heterosexual,No,Yes,No
Male,Male,No,Yes,No
Male,Male,No,Yes,No
Female,Straight,No,Yes,No
Male,Heterosexual,No,Yes,Yes
Male,Heterosexual,No,Yes,Yes
man,straight,No,No,Yes
Male,Gay,Yes,Yes,Yes
Male,Heterosexual,No,No,Yes
Male,Straight,No,Yes,No
Antiheteronormatively male,Straight,No,Yes,No
Male,Heterosexual,No,Yes,Yes
cisfemale,mostly hetero (and utterly open),No,Yes,No
Male,Hetrosexual,No,Yes,Yes
Male,Heterosexual,No,Yes,Yes
Male,Straight,No,Yes,Yes
Male,Try,No,Yes,No
Female,Queer/bisexual,Yes,Yes,No
Male,Heterosexual,No,Yes,No
Male,Straight,No,Yes,Yes
Male,Heterossexual,No,Yes,No
Male,Straight,No,Yes,No
male,male,No,Yes,No
Male,Heterosexual,No,Yes,Yes
Male,Male,Yes,Yes,Yes
"Male, with increasingly strong femme (but not female) genderqueer aspects",Queer,No,Yes,No
male,straight,No,Yes,Yes
Cis female,Bisexual,Yes,Yes,No
female,lesbian,Yes,Yes,Yes
Female,Lesbian,No,Yes,No
Male,Hetero,No,Yes,Yes
male,heterosexual,No,Yes,No
Female,Straight,No,Yes,No
male,heterosexual,No,No,No
male,heterosexual,No,Yes,Yes
Cis-female,Queer,Yes,Yes,No
Male,Heterosexual,No,Yes,Yes
male,hetero,No,Yes,Yes
Male,Hetero,No,Yes,Yes
Male,Straight,No,Yes,No
Female,Hetero,No,No,No
female,queer,Yes,Yes,Yes
Male,Straight,No,Yes,Yes
female,hetrosexual,No,No,No
female,bisexual,No,Yes,No
Male,Straight,No,Yes,No
trans*,pansexual,Yes,Yes,No
Female,"Polyamorous, straight",No,Yes,No
Male,Straight,No,Yes,Yes
Male,Straight,No,Yes,Yes
Male,Almost entirely heterosexual,No,No,No
male,homosexual,No,Yes,Yes
Female,Straight,No,Yes,Yes
